[
	{
		"id": "basic",
		"label": "basic",
		"keycodes": [
			{
				"name": " ",
				"code": "KC_NO",
				"title": "Nothing"
			},
			{
				"name": "▽",
				"code": "KC_TRNS",
				"title": "Pass-through"
			},
			{
				"name": "Esc",
				"code": "KC_ESC",
				"keys": "esc"
			},
			{
				"name": "A",
				"code": "KC_A",
				"keys": "a"
			},
			{
				"name": "B",
				"code": "KC_B",
				"keys": "b"
			},
			{
				"name": "C",
				"code": "KC_C",
				"keys": "c"
			},
			{
				"name": "D",
				"code": "KC_D",
				"keys": "d"
			},
			{
				"name": "E",
				"code": "KC_E",
				"keys": "e"
			},
			{
				"name": "F",
				"code": "KC_F",
				"keys": "f"
			},
			{
				"name": "G",
				"code": "KC_G",
				"keys": "g"
			},
			{
				"name": "H",
				"code": "KC_H",
				"keys": "h"
			},
			{
				"name": "I",
				"code": "KC_I",
				"keys": "i"
			},
			{
				"name": "J",
				"code": "KC_J",
				"keys": "j"
			},
			{
				"name": "K",
				"code": "KC_K",
				"keys": "k"
			},
			{
				"name": "L",
				"code": "KC_L",
				"keys": "l"
			},
			{
				"name": "M",
				"code": "KC_M",
				"keys": "m"
			},
			{
				"name": "N",
				"code": "KC_N",
				"keys": "n"
			},
			{
				"name": "O",
				"code": "KC_O",
				"keys": "o"
			},
			{
				"name": "P",
				"code": "KC_P",
				"keys": "p"
			},
			{
				"name": "Q",
				"code": "KC_Q",
				"keys": "q"
			},
			{
				"name": "R",
				"code": "KC_R",
				"keys": "r"
			},
			{
				"name": "S",
				"code": "KC_S",
				"keys": "s"
			},
			{
				"name": "T",
				"code": "KC_T",
				"keys": "t"
			},
			{
				"name": "U",
				"code": "KC_U",
				"keys": "u"
			},
			{
				"name": "V",
				"code": "KC_V",
				"keys": "v"
			},
			{
				"name": "W",
				"code": "KC_W",
				"keys": "w"
			},
			{
				"name": "X",
				"code": "KC_X",
				"keys": "x"
			},
			{
				"name": "Y",
				"code": "KC_Y",
				"keys": "y"
			},
			{
				"name": "Z",
				"code": "KC_Z",
				"keys": "z"
			},
			{
				"name": "!<br/>1",
				"code": "KC_1",
				"keys": "1"
			},
			{
				"name": "@<br/>2",
				"code": "KC_2",
				"keys": "2"
			},
			{
				"name": "#<br/>3",
				"code": "KC_3",
				"keys": "3"
			},
			{
				"name": "$<br/>4",
				"code": "KC_4",
				"keys": "4"
			},
			{
				"name": "%<br/>5",
				"code": "KC_5",
				"keys": "5"
			},
			{
				"name": "^<br/>6",
				"code": "KC_6",
				"keys": "6"
			},
			{
				"name": "&<br/>7",
				"code": "KC_7",
				"keys": "7"
			},
			{
				"name": "*<br/>8",
				"code": "KC_8",
				"keys": "8"
			},
			{
				"name": "(<br/>9",
				"code": "KC_9",
				"keys": "9"
			},
			{
				"name": ")<br/>0",
				"code": "KC_0",
				"keys": "0"
			},
			{
				"name": "_<br/>-",
				"code": "KC_MINS",
				"keys": "-"
			},
			{
				"name": "+<br/>=",
				"code": "KC_EQL",
				"keys": "="
			},
			{
				"name": "~<br/>`",
				"code": "KC_GRV",
				"keys": "`"
			},
			{
				"name": "{<br/>[",
				"code": "KC_LBRC",
				"keys": "["
			},
			{
				"name": "}<br/>]",
				"code": "KC_RBRC",
				"keys": "]"
			},
			{
				"name": "|<br/>\\",
				"code": "KC_BSLS",
				"keys": "\\",
				"width": 1500
			},
			{
				"name": ":<br/>;",
				"code": "KC_SCLN",
				"keys": ";"
			},
			{
				"name": "\"<br/>'",
				"code": "KC_QUOT",
				"keys": "'"
			},
			{
				"name": "<<br/>,",
				"code": "KC_COMM",
				"keys": ","
			},
			{
				"name": "><br/>.",
				"code": "KC_DOT",
				"keys": "."
			},
			{
				"name": "?<br/>/",
				"code": "KC_SLSH",
				"keys": "/"
			},
			{
				"name": "F1",
				"code": "KC_F1"
			},
			{
				"name": "F2",
				"code": "KC_F2"
			},
			{
				"name": "F3",
				"code": "KC_F3"
			},
			{
				"name": "F4",
				"code": "KC_F4"
			},
			{
				"name": "F5",
				"code": "KC_F5"
			},
			{
				"name": "F6",
				"code": "KC_F6"
			},
			{
				"name": "F7",
				"code": "KC_F7"
			},
			{
				"name": "F8",
				"code": "KC_F8"
			},
			{
				"name": "F9",
				"code": "KC_F9"
			},
			{
				"name": "F10",
				"code": "KC_F10"
			},
			{
				"name": "F11",
				"code": "KC_F11"
			},
			{
				"name": "F12",
				"code": "KC_F12"
			},
			{
				"name": "Print Screen",
				"code": "KC_PSCR",
				"shortName": "Print"
			},
			{
				"name": "Scroll Lock",
				"code": "KC_SLCK",
				"shortName": "Scroll"
			},
			{
				"name": "Pause",
				"code": "KC_PAUS"
			},
			{
				"name": "Tab",
				"code": "USB_USAGE_TAB",
				"keys": "tab",
				"width": 1500
			},
			{
				"name": "Backspace",
				"code": "USB_USAGE_BACKSPACE",
				"keys": "backspace",
				"width": 2000,
				"shortName": "Backspace"
			},
			{
				"name": "Insert",
				"code": "KC_INS",
				"keys": "insert",
				"shortName": "Ins"
			},
			{
				"name": "Del",
				"code": "KC_DEL",
				"keys": "delete"
			},
			{
				"name": "Home",
				"code": "KC_HOME",
				"keys": "home"
			},
			{
				"name": "End",
				"code": "KC_END",
				"keys": "end"
			},
			{
				"name": "Page Up",
				"code": "KC_PGUP",
				"keys": "pageup",
				"shortName": "PgUp"
			},
			{
				"name": "Page Down",
				"code": "KC_PGDN",
				"keys": "pagedown",
				"shortName": "PgDn"
			},
			{
				"name": "Num<br/>Lock",
				"code": "KC_NLCK",
				"keys": "num",
				"shortName": "N.Lck"
			},
			{
				"name": "Caps Lock",
				"code": "KC_CAPS",
				"keys": "caps_lock",
				"width": 1750
			},
			{
				"name": "Enter",
				"code": "KC_ENT",
				"keys": "enter",
				"width": 2250
			},
			{
				"name": "1",
				"code": "KC_P1",
				"keys": "num_1",
				"title": "Numpad 1"
			},
			{
				"name": "2",
				"code": "KC_P2",
				"keys": "num_2",
				"title": "Numpad 2"
			},
			{
				"name": "3",
				"code": "KC_P3",
				"keys": "num_3",
				"title": "Numpad 3"
			},
			{
				"name": "4",
				"code": "KC_P4",
				"keys": "num_4",
				"title": "Numpad 4"
			},
			{
				"name": "5",
				"code": "KC_P5",
				"keys": "num_5",
				"title": "Numpad 5"
			},
			{
				"name": "6",
				"code": "KC_P6",
				"keys": "num_6",
				"title": "Numpad 6"
			},
			{
				"name": "7",
				"code": "KC_P7",
				"keys": "num_7",
				"title": "Numpad 7"
			},
			{
				"name": "8",
				"code": "KC_P8",
				"keys": "num_8",
				"title": "Numpad 8"
			},
			{
				"name": "9",
				"code": "KC_P9",
				"keys": "num_9",
				"title": "Numpad 9"
			},
			{
				"name": "0",
				"code": "KC_P0",
				"width": 2000,
				"keys": "num_0",
				"title": "Numpad 0"
			},
			{
				"name": "÷",
				"code": "KC_PSLS",
				"keys": "num_divide",
				"title": "Numpad ÷"
			},
			{
				"name": "×",
				"code": "KC_PAST",
				"keys": "num_multiply",
				"title": "Numpad ×"
			},
			{
				"name": "-",
				"code": "KC_PMNS",
				"keys": "num_subtract",
				"title": "Numpad -"
			},
			{
				"name": "+",
				"code": "KC_PPLS",
				"keys": "num_add",
				"title": "Numpad +"
			},
			{
				"name": ".",
				"code": "KC_PDOT",
				"keys": "num_decimal",
				"title": "Numpad ."
			},
			{
				"name": "Num<br/>Enter",
				"code": "KC_PENT",
				"shortName": "N.Ent",
				"title": "Numpad Enter"
			},
			{
				"name": "Left Shift",
				"code": "KC_LSFT",
				"keys": "shift",
				"width": 2250,
				"shortName": "Shift",
				"capName": "LShift"
			},
			{
				"name": "Right Shift",
				"code": "KC_RSFT",
				"width": 2750,
				"shortName": "Shift",
				"capName": "RShift"
			},
			{
				"name": "Left Ctrl",
				"code": "KC_LCTL",
				"keys": "ctrl",
				"width": 1250,
				"shortName": "Ctrl",
				"capName": "LCtrl"
			},
			{
				"name": "Right Ctrl",
				"code": "KC_RCTL",
				"width": 1250,
				"shortName": "Ctrl",
				"capName": "RCtrl"
			},
			{
				"name": "Left Win",
				"code": "KC_LGUI",
				"keys": "cmd",
				"width": 1250,
				"shortName": "Win",
				"capName": "LWin"
			},
			{
				"name": "Right Win",
				"code": "KC_RGUI",
				"width": 1250,
				"shortName": "Win",
				"capName": "RWin"
			},
			{
				"name": "Left Alt",
				"code": "KC_LALT",
				"keys": "alt",
				"width": 1250,
				"shortName": "Alt",
				"capName": "LAlt"
			},
			{
				"name": "Right Alt",
				"code": "KC_RALT",
				"width": 1250,
				"shortName": "Alt",
				"capName": "RAlt"
			},
			{
				"name": "Space",
				"code": "KC_SPC",
				"keys": "space",
				"width": 6250
			},
			{
				"name": "Menu",
				"code": "KC_APP",
				"width": 1250,
				"shortName": "RApp"
			},
			{
				"name": "Left",
				"code": "KC_LEFT",
				"keys": "left",
				"shortName": "←"
			},
			{
				"name": "Down",
				"code": "KC_DOWN",
				"keys": "down",
				"shortName": "↓"
			},
			{
				"name": "Up",
				"code": "KC_UP",
				"keys": "up",
				"shortName": "↑"
			},
			{
				"name": "Right",
				"code": "KC_RGHT",
				"keys": "right",
				"shortName": "→"
			}
		]
	},
	{
		"id": "wt_lighting",
		"label": "light",
		"width": "label",
		"keycodes": [
			{
				"name": "Bright -",
				"code": "BR_DEC",
				"title": "Brightness -",
				"shortName": "BR -"
			},
			{
				"name": "Bright +",
				"code": "BR_INC",
				"title": "Brightness +",
				"shortName": "BR +"
			},
			{
				"name": "Effect -",
				"code": "EF_DEC",
				"title": "Effect -",
				"shortName": "EF -"
			},
			{
				"name": "Effect +",
				"code": "EF_INC",
				"title": "Effect +",
				"shortName": "EF +"
			},
			{
				"name": "Effect Speed -",
				"code": "ES_DEC",
				"title": "Effect Speed -",
				"shortName": "ES -"
			},
			{
				"name": "Effect Speed +",
				"code": "ES_INC",
				"title": "Effect Speed +",
				"shortName": "ES +"
			},
			{
				"name": "Color1 Hue -",
				"code": "H1_DEC",
				"title": "Color1 Hue -",
				"shortName": "H1 -"
			},
			{
				"name": "Color1 Hue +",
				"code": "H1_INC",
				"title": "Color1 Hue +",
				"shortName": "H1 +"
			},
			{
				"name": "Color2 Hue -",
				"code": "H2_DEC",
				"title": "Color2 Hue -",
				"shortName": "H2 -"
			},
			{
				"name": "Color2 Hue +",
				"code": "H2_INC",
				"title": "Color2 Hue +",
				"shortName": "H2 +"
			},
			{
				"name": "Color1 Sat -",
				"code": "S1_DEC",
				"title": "Color1 Sat -",
				"shortName": "S1 -"
			},
			{
				"name": "Color1 Sat +",
				"code": "S1_INC",
				"title": "Color1 Sat +",
				"shortName": "S1 +"
			},
			{
				"name": "Color2 Sat -",
				"code": "S2_DEC",
				"title": "Color2 Sat -",
				"shortName": "S2 -"
			},
			{
				"name": "Color2 Sat +",
				"code": "S2_INC",
				"title": "Color2 Sat +",
				"shortName": "S2 +"
			}
		]
	},
	{
		"id": "media",
		"label": "media",
		"width": "label",
		"keycodes": [
			{
				"name": "Vol -",
				"code": "KC_VOLD",
				"title": "Volume Down"
			},
			{
				"name": "Vol +",
				"code": "KC_VOLU",
				"title": "Volume Up"
			},
			{
				"name": "Mute",
				"code": "KC_MUTE",
				"title": "Mute Audio"
			},
			{
				"name": "Play",
				"code": "KC_MPLY",
				"title": "Play/Pause"
			},
			{
				"name": "Media Stop",
				"code": "KC_MSTP",
				"title": "Media Stop",
				"shortName": "MSTP",
				"plat": ["Win", "Linux"]
			},
			{
				"name": "Previous",
				"code": "KC_MPRV",
				"title": "Media Previous",
				"shortName": "Prvs"
			},
			{
				"name": "Next",
				"code": "KC_MNXT",
				"title": "Media Next"
			},
			{
				"name": "Rewind",
				"code": "KC_MRWD",
				"title": "Rewind"
			},
			{
				"name": "Fast Forward",
				"code": "KC_MFFD",
				"title": "Fast Forward",
				"shortName": "MFFD"
			},
			{
				"name": "Select",
				"code": "KC_MSEL",
				"title": "Media Select",
				"plat": ["Win", "Linux"]
			},
			{
				"name": "Eject",
				"code": "KC_EJCT",
				"title": "Media Eject",
				"plat": ["Mac", "Linux"]
			}
		]
	},
	{
		"id": "macro",
		"label": "macro",
		"width": "label",
		"keycodes": [
			{
				"name": "M0",
				"code": "MACRO(0)",
				"title": "Macro 0"
			},
			{
				"name": "M1",
				"code": "MACRO(1)",
				"title": "Macro 1"
			},
			{
				"name": "M2",
				"code": "MACRO(2)",
				"title": "Macro 2"
			},
			{
				"name": "M3",
				"code": "MACRO(3)",
				"title": "Macro 3"
			},
			{
				"name": "M4",
				"code": "MACRO(4)",
				"title": "Macro 4"
			},
			{
				"name": "M5",
				"code": "MACRO(5)",
				"title": "Macro 5"
			},
			{
				"name": "M6",
				"code": "MACRO(6)",
				"title": "Macro 6"
			},
			{
				"name": "M7",
				"code": "MACRO(7)",
				"title": "Macro 7"
			},
			{
				"name": "M8",
				"code": "MACRO(8)",
				"title": "Macro 8"
			},
			{
				"name": "M9",
				"code": "MACRO(9)",
				"title": "Macro 9"
			},
			{
				"name": "M10",
				"code": "MACRO(10)",
				"title": "Macro 10"
			},
			{
				"name": "M11",
				"code": "MACRO(11)",
				"title": "Macro 11"
			},
			{
				"name": "M12",
				"code": "MACRO(12)",
				"title": "Macro 12"
			},
			{
				"name": "M13",
				"code": "MACRO(13)",
				"title": "Macro 13"
			},
			{
				"name": "M14",
				"code": "MACRO(14)",
				"title": "Macro 14"
			},
			{
				"name": "M15",
				"code": "MACRO(15)",
				"title": "Macro 15"
			}
		]
	},
	{
		"id": "special",
		"label": "special",
		"width": "label",
		"keycodes": [
			{
				"name": "~",
				"code": "S(KC_GRV)",
				"keys": "`",
				"title": "Shift + `"
			},
			{
				"name": "!",
				"code": "S(KC_1)",
				"keys": "!",
				"title": "Shift + 1"
			},
			{
				"name": "@",
				"code": "S(KC_2)",
				"keys": "@",
				"title": "Shift + 2"
			},
			{
				"name": "#",
				"code": "S(KC_3)",
				"keys": "#",
				"title": "Shift + 3"
			},
			{
				"name": "$",
				"code": "S(KC_4)",
				"keys": "$",
				"title": "Shift + 4"
			},
			{
				"name": "%",
				"code": "S(KC_5)",
				"keys": "%",
				"title": "Shift + 5"
			},
			{
				"name": "^",
				"code": "S(KC_6)",
				"keys": "^",
				"title": "Shift + 6"
			},
			{
				"name": "&",
				"code": "S(KC_7)",
				"keys": "&",
				"title": "Shift + 7"
			},
			{
				"name": "*",
				"code": "S(KC_8)",
				"keys": "*",
				"title": "Shift + 8"
			},
			{
				"name": "(",
				"code": "S(KC_9)",
				"keys": "(",
				"title": "Shift + 9"
			},
			{
				"name": ")",
				"code": "S(KC_0)",
				"keys": ")",
				"title": "Shift + 0"
			},
			{
				"name": "_",
				"code": "S(KC_MINS)",
				"keys": "_-",
				"title": "Shift + -"
			},
			{
				"name": "+",
				"code": "S(KC_EQL)",
				"keys": "+",
				"title": "Shift + ="
			},
			{
				"name": "{",
				"code": "S(KC_LBRC)",
				"keys": "{",
				"title": "Shift + ["
			},
			{
				"name": "}",
				"code": "S(KC_RBRC)",
				"keys": "}",
				"title": "Shift + ]"
			},
			{
				"name": "|",
				"code": "S(KC_BSLS)",
				"keys": "|",
				"title": "Shift + \\"
			},
			{
				"name": ":",
				"code": "S(KC_SCLN)",
				"keys": ":",
				"title": "Shift + /"
			},
			{
				"name": "\"",
				"code": "S(KC_QUOT)",
				"keys": "\"",
				"title": "Shift + '"
			},
			{
				"name": "<",
				"code": "S(KC_COMM)",
				"keys": "<",
				"title": "Shift + ,"
			},
			{
				"name": ">",
				"code": "S(KC_DOT)",
				"keys": ">",
				"title": "Shift + ."
			},
			{
				"name": "?",
				"code": "S(KC_SLSH)",
				"keys": "?",
				"title": "Shift + /"
			},
			{
				"name": "NUHS",
				"code": "KC_NUHS",
				"title": "Non-US # and ~"
			},
			{
				"name": "NUBS",
				"code": "KC_NUBS",
				"title": "Non-US \\ and |"
			},
			{
				"name": "Ro",
				"code": "KC_RO",
				"title": "JIS \\ and |"
			},
			{
				"name": "¥",
				"code": "KC_JYEN",
				"title": "JPN Yen"
			},
			{
				"name": "無変換",
				"code": "KC_MHEN",
				"title": "JIS Muhenkan"
			},
			{
				"name": "漢字",
				"code": "KC_HANJ",
				"title": "Hanja"
			},
			{
				"name": "한영",
				"code": "KC_HAEN",
				"title": "HanYeong"
			},
			{
				"name": "変換",
				"code": "KC_HENK",
				"title": "JIS Henkan"
			},
			{
				"name": "かな",
				"code": "KC_KANA",
				"title": "JIS Katakana/Hiragana"
			},
			{
				"name": "Esc `",
				"code": "KC_GESC",
				"title": "Esc normally, but ` when Shift or Win is pressed"
			},
			{
				"name": "LS (",
				"code": "KC_LSPO",
				"title": "Left Shift when held, ( when tapped"
			},
			{
				"name": "RS )",
				"code": "KC_RSPC",
				"title": "Right Shift when held, ) when tapped"
			},
			{
				"name": "LC (",
				"code": "KC_LCPO",
				"title": "Left Control when held, ( when tapped"
			},
			{
				"name": "RC )",
				"code": "KC_RCPC",
				"title": "Right Control when held, ) when tapped"
			},
			{
				"name": "LA (",
				"code": "KC_LAPO",
				"title": "Left Alt when held, ( when tapped"
			},
			{
				"name": "RA )",
				"code": "KC_RAPC",
				"title": "Right Alt when held, ) when tapped"
			},
			{
				"name": "SftEnt",
				"code": "KC_SFTENT",
				"title": "Right Shift when held, Enter when tapped"
			},
			{
				"name": "Reset",
				"code": "RESET",
				"title": "Reset the keyboard"
			},
			{
				"name": "Debug",
				"code": "DEBUG",
				"title": "Toggle debug mode"
			},
			{
				"name": "Toggle NKRO",
				"code": "MAGIC_TOGGLE_NKRO",
				"shortName": "NKRO",
				"title": "Toggle NKRO"
			},
			{
				"name": "Locking Num Lock",
				"code": "KC_LNUM",
				"shortName": "Num Lock",
				"plat": ["Mac", "Win"]
			},
			{
				"name": "Locking Caps Lock",
				"code": "KC_LCAP",
				"shortName": "Caps Lock",
				"plat": ["Mac", "Win"]
			},
			{
				"name": "Locking Scroll Lock",
				"code": "KC_LSCR",
				"shortName": "Scroll Lock",
				"plat": ["Mac", "Win"]
			},
			{
				"name": "Power",
				"code": "KC_PWR",
				"plat": ["Mac", "Win", "Linux"]
			},
			{
				"name": "Power OSX",
				"code": "KC_POWER",
				"plat": ["Mac"]
			},
			{
				"name": "Sleep",
				"code": "KC_SLEP",
				"plat": ["Mac", "Win", "Linux"]
			},
			{
				"name": "Wake",
				"code": "KC_WAKE",
				"plat": ["Mac", "Linux"]
			},
			{
				"name": "Calc",
				"code": "KC_CALC",
				"plat": ["Linux", "Win"]
			},
			{
				"name": "Mail",
				"code": "KC_MAIL",
				"plat": ["Linux", "Win"]
			},
			{
				"name": "Help",
				"code": "KC_HELP",
				"plat": ["Linux"]
			},
			{
				"name": "Stop",
				"code": "KC_STOP",
				"plat": ["Linux"]
			},
			{
				"name": "Alt Erase",
				"code": "KC_ERAS",
				"plat": []
			},
			{
				"name": "Again",
				"code": "KC_AGAIN",
				"plat": ["Linux"]
			},
			{
				"name": "Menu",
				"code": "KC_MENU",
				"plat": ["Linux"]
			},
			{
				"name": "Undo",
				"code": "KC_UNDO",
				"plat": ["Linux"]
			},
			{
				"name": "Select",
				"code": "KC_SELECT",
				"plat": ["Linux"]
			},
			{
				"name": "Exec",
				"code": "KC_EXECUTE",
				"plat": ["Linux"]
			},
			{
				"name": "Cut",
				"code": "KC_CUT",
				"plat": ["Linux"]
			},
			{
				"name": "Copy",
				"code": "KC_COPY",
				"plat": ["Linux"]
			},
			{
				"name": "Paste",
				"code": "KC_PASTE",
				"plat": ["Linux"]
			},
			{
				"name": "Find",
				"code": "KC_FIND",
				"plat": ["Linux"]
			},
			{
				"name": "My Comp",
				"code": "KC_MYCM",
				"plat": ["Linux", "Win"]
			},
			{
				"name": "Home",
				"code": "KC_WWW_HOME",
				"plat": ["Linux", "Win"]
			},
			{
				"name": "Back",
				"code": "KC_WWW_BACK",
				"plat": ["Linux", "Win"]
			},
			{
				"name": "Forward",
				"code": "KC_WWW_FORWARD",
				"plat": ["Linux", "Win"]
			},
			{
				"name": "Stop",
				"code": "KC_WWW_STOP",
				"plat": ["Linux", "Win"]
			},
			{
				"name": "Refresh",
				"code": "KC_WWW_REFRESH",
				"plat": ["Linux", "Win"]
			},
			{
				"name": "Favorites",
				"code": "KC_WWW_FAVORITES",
				"plat": ["Linux", "Win"]
			},
			{
				"name": "Search",
				"code": "KC_WWW_SEARCH",
				"plat": ["Linux", "Win"]
			},
			{
				"name": "Screen +",
				"code": "KC_BRIU",
				"shortName": "Scr +",
				"title": "Screen Brightness Up"
			},
			{
				"name": "Screen -",
				"code": "KC_BRID",
				"shortName": "Scr -",
				"title": "Screen Brightness Down"
			},
			{
				"name": "F13",
				"code": "KC_F13"
			},
			{
				"name": "F14",
				"code": "KC_F14"
			},
			{
				"name": "F15",
				"code": "KC_F15"
			},
			{
				"name": "F16",
				"code": "KC_F16"
			},
			{
				"name": "F17",
				"code": "KC_F17"
			},
			{
				"name": "F18",
				"code": "KC_F18"
			},
			{
				"name": "F19",
				"code": "KC_F19"
			},
			{
				"name": "F20",
				"code": "KC_F20",
				"plat": ["Win", "Linux"]
			},
			{
				"name": "F21",
				"code": "KC_F21",
				"plat": ["Win", "Linux"]
			},
			{
				"name": "F22",
				"code": "KC_F22",
				"plat": ["Win", "Linux"]
			},
			{
				"name": "F23",
				"code": "KC_F23",
				"plat": ["Win", "Linux"]
			},
			{
				"name": "F24",
				"code": "KC_F24",
				"plat": ["Win", "Linux"]
			},
			{
				"name": "Mouse ↑",
				"code": "KC_MS_UP"
			},
			{
				"name": "Mouse ↓",
				"code": "KC_MS_DOWN"
			},
			{
				"name": "Mouse ←",
				"code": "KC_MS_LEFT"
			},
			{
				"name": "Mouse →",
				"code": "KC_MS_RIGHT"
			},
			{
				"name": "Mouse Btn1",
				"code": "KC_MS_BTN1"
			},
			{
				"name": "Mouse Btn2",
				"code": "KC_MS_BTN2"
			},
			{
				"name": "Mouse Btn3",
				"code": "KC_MS_BTN3"
			},
			{
				"name": "Mouse Btn4",
				"code": "KC_MS_BTN4"
			},
			{
				"name": "Mouse Btn5",
				"code": "KC_MS_BTN5"
			},
			{
				"name": "Mouse Btn6",
				"code": "KC_MS_BTN6"
			},
			{
				"name": "Mouse Btn7",
				"code": "KC_MS_BTN7"
			},
			{
				"name": "Mouse Btn8",
				"code": "KC_MS_BTN8"
			},
			{
				"name": "Mouse Wh ↑",
				"code": "KC_MS_WH_UP"
			},
			{
				"name": "Mouse Wh ↓",
				"code": "KC_MS_WH_DOWN"
			},
			{
				"name": "Mouse Wh ←",
				"code": "KC_MS_WH_LEFT"
			},
			{
				"name": "Mouse Wh →",
				"code": "KC_MS_WH_RIGHT"
			},
			{
				"name": "Mouse Acc0",
				"code": "KC_MS_ACCEL0"
			},
			{
				"name": "Mouse Acc1",
				"code": "KC_MS_ACCEL1"
			},
			{
				"name": "Mouse Acc2",
				"code": "KC_MS_ACCEL2"
			},
			{
				"name": "Audio On",
				"code": "AU_ON"
			},
			{
				"name": "Audio Off",
				"code": "AU_OFF"
			},
			{
				"name": "Audio Toggle",
				"code": "AU_TOG"
			},
			{
				"name": "Clicky Toggle",
				"code": "CLICKY_TOGGLE"
			},
			{
				"name": "Clicky Enable",
				"code": "CLICKY_ENABLE"
			},
			{
				"name": "Clicky Disable",
				"code": "CLICKY_DISABLE"
			},
			{
				"name": "Clicky Up",
				"code": "CLICKY_UP"
			},
			{
				"name": "Clicky Down",
				"code": "CLICKY_DOWN"
			},
			{
				"name": "Clicky Reset",
				"code": "CLICKY_RESET"
			},
			{
				"name": "Music On",
				"code": "MU_ON"
			},
			{
				"name": "Music Off",
				"code": "MU_OFF"
			},
			{
				"name": "Music Toggle",
				"code": "MU_TOG"
			},
			{
				"name": "Music Mode",
				"code": "MU_MOD"
			},
			{
				"name": "Mission Control",
				"title": "Mission Control in macOS",
				"code": "KC_MIC" ,
				"plat": ["Mac"]
			},
			{
				"name": "Launch Pad",
				"title": "Launch Pad in macOS",
				"code": "KC_LPAD" ,
				"plat": ["Mac"]
			},
			{
				"name": "Lock Win",
				"title": "Lock Win",
				"code": "QK_MAGIC_TOGGLE_GUI" ,
				"plat": ["Win"]
			}
		]
	},
	{
		"id": "qmk_lighting",
		"label": "qmk-light",
		"width": "label",
		"keycodes": [
			{
				"name": "BL Toggle",
				"code": "BL_TOGG" ,
				"mode": ["White"]
			},
			{
				"name": "BL On",
				"code": "BL_ON",
				"mode": ["White"]
			},
			{
				"name": "BL Off",
				"code": "BL_OFF",
				"shortName": "BL Off",
				"mode": ["White"]
			},
			{
				"name": "BL -",
				"code": "BL_DEC",
				"mode": ["White"]
			},
			{
				"name": "BL +",
				"code": "BL_INC",
				"mode": ["White"]
			},
			{
				"name": "BL Cycle",
				"code": "BL_STEP",
				"mode": ["White"]
			},
			{
				"name": "BR Toggle",
				"code": "BL_BRTG",
				"mode": ["White"]
			},
			{
				"name": "RGB Toggle",
				"code": "RGB_TOG",
				"mode": ["Rgb"]
			},
			{
				"name": "RGB Mode -",
				"code": "RGB_RMOD",
				"shortName": "Mode -",
				"mode": ["Rgb"]
			},
			{
				"name": "RGB Mode +",
				"code": "RGB_MOD",
				"shortName": "Mode +",
				"mode": ["Rgb"]
			},
			{
				"name": "Hue -",
				"code": "RGB_HUD",
				"mode": ["Rgb"]
			},
			{
				"name": "Hue +",
				"code": "RGB_HUI",
				"mode": ["Rgb"]
			},
			{
				"name": "Sat -",
				"code": "RGB_SAD",
				"mode": ["Rgb"]
			},
			{
				"name": "Sat +",
				"code": "RGB_SAI",
				"mode": ["Rgb"]
			},
			{
				"name": "Bright -",
				"code": "RGB_VAD",
				"shortName": "Br -",
				"mode": ["Rgb"]
			},
			{
				"name": "Bright +",
				"code": "RGB_VAI",
				"shortName": "Br +",
				"mode": ["Rgb"]
			},
			{
				"name": "Effect Speed-",
				"code": "RGB_SPD",
				"shortName": "ES -",
				"mode": ["Rgb"]
			},
			{
				"name": "Effect Speed+",
				"code": "RGB_SPI",
				"shortName": "ES +",
				"mode": ["Rgb"]
			}
		]
	},
	{
		"id": "custom",
		"label": "custom",
		"width": "label",
		"keycodes": [
			{
				"name": "CUSTOM(0)",
				"code": "CUSTOM(0)",
				"title": "Custom Keycode 0"
			},
			{
				"name": "CUSTOM(1)",
				"code": "CUSTOM(1)",
				"title": "Custom Keycode 1"
			},
			{
				"name": "CUSTOM(2)",
				"code": "CUSTOM(2)",
				"title": "Custom Keycode 2"
			},
			{
				"name": "CUSTOM(3)",
				"code": "CUSTOM(3)",
				"title": "Custom Keycode 3"
			},
			{
				"name": "CUSTOM(4)",
				"code": "CUSTOM(4)",
				"title": "Custom Keycode 4"
			},
			{
				"name": "CUSTOM(5)",
				"code": "CUSTOM(5)",
				"title": "Custom Keycode 5"
			},
			{
				"name": "CUSTOM(6)",
				"code": "CUSTOM(6)",
				"title": "Custom Keycode 6"
			},
			{
				"name": "CUSTOM(7)",
				"code": "CUSTOM(7)",
				"title": "Custom Keycode 7"
			},
			{
				"name": "CUSTOM(8)",
				"code": "CUSTOM(8)",
				"title": "Custom Keycode 8"
			},
			{
				"name": "CUSTOM(9)",
				"code": "CUSTOM(9)",
				"title": "Custom Keycode 9"
			},
			{
				"name": "CUSTOM(10)",
				"code": "CUSTOM(10)",
				"title": "Custom Keycode 10"
			},
			{
				"name": "CUSTOM(11)",
				"code": "CUSTOM(11)",
				"title": "Custom Keycode 11"
			},
			{
				"name": "CUSTOM(12)",
				"code": "CUSTOM(12)",
				"title": "Custom Keycode 12"
			},
			{
				"name": "CUSTOM(13)",
				"code": "CUSTOM(13)",
				"title": "Custom Keycode 13"
			},
			{
				"name": "CUSTOM(14)",
				"code": "CUSTOM(14)",
				"title": "Custom Keycode 14"
			},
			{
				"name": "CUSTOM(15)",
				"code": "CUSTOM(15)",
				"title": "Custom Keycode 15"
			}
		]
	}
]
